103.139.193.223|ID|PT. Halto Petirah Angrowangi|China|Unknown|Unknown|Unknown|Unknown
78.128.112.74|BG|4media|Russia|Unknown|Unknown|Unknown|Unknown
45.79.158.7|US|Unknown|United States|Unknown|Unknown|Unknown|Unknown
45.129.185.7|AS4134|China Telecom|United States|Unknown|Unknown|Unknown|Unknown
20.193.171.57|US|Unknown|United States|Unknown|Unknown|Unknown|Unknown
145.220.72.141|NL|Unknown|NL|Unknown|Unknown|Unknown|Unknown
115.190.165.143|AS4837|China Unicom|China|Unknown|Unknown|Unknown|Unknown
92.118.39.236|AS4837|China Unicom|Russia|Unknown|Unknown|Unknown|Unknown
172.214.209.153|GB|Unknown|China|Unknown|Unknown|Unknown|Unknown
31.31.108.84|AS4134|China Telecom|Russia|Unknown|Unknown|Unknown|Unknown
118.193.33.228|HK|Unknown|China|Unknown|Unknown|Unknown|Unknown
46.165.56.242|RU|Unknown|Russia|Unknown|Unknown|Unknown|Unknown
34.58.124.191|US|Unknown|United States|Unknown|Unknown|Unknown|Unknown
69.74.29.21|US|Unknown|United States|Unknown|Unknown|Unknown|Unknown
92.118.39.196|AS4837|China Unicom|Russia|Unknown|Unknown|Unknown|Unknown
216.155.93.75|CL|Unknown|United States|Unknown|Unknown|Unknown|Unknown
124.156.129.246|SG|Unknown|China|Unknown|Unknown|Unknown|Unknown
213.177.179.91|IR|Unknown|Russia|Unknown|Unknown|Unknown|Unknown
61.78.121.78|AS4837|China Unicom|China|Unknown|Unknown|Unknown|Unknown
20.116.34.103|US|Unknown|United States|Unknown|Unknown|Unknown|Unknown
82.152.132.24|AS4837|China Unicom|Russia|Unknown|Unknown|Unknown|Unknown
27.79.44.23|VN|Unknown|China|Unknown|Unknown|Unknown|Unknown
41.86.34.139|SC|CWS Public Services|SC|Unknown|Unknown|Unknown|Unknown
165.154.205.91|SG|Unknown|SG|Unknown|Unknown|Unknown|Unknown
207.154.223.29|US|Unknown|Germany|Unknown|Unknown|Unknown|Unknown
118.186.208.20|AS4837|China Unicom|China|Unknown|Unknown|Unknown|Unknown
20.243.208.191|US|Unknown|United States|Unknown|Unknown|Unknown|Unknown
92.118.39.23|AS4837|China Unicom|Russia|Unknown|Unknown|Unknown|Unknown
92.118.39.197|AS4837|China Unicom|Russia|Unknown|Unknown|Unknown|Unknown
119.28.9.170|CN|Unknown|China|Unknown|Unknown|Unknown|Unknown
171.25.158.53|SE|Vaxjo NET C2IP|China|Unknown|Unknown|Unknown|Unknown
94.156.221.46|BG|Unknown|Russia|Unknown|Unknown|Unknown|Unknown
178.208.127.45|DE|Unknown|Russia|Unknown|Unknown|Unknown|Unknown
116.99.173.71|AS4837|China Unicom|China|Unknown|Unknown|Unknown|Unknown
103.52.152.101|HK|Unknown|China|Unknown|Unknown|Unknown|Unknown
133.117.76.239|AS15169|Google Cloud|JP|Unknown|Unknown|Unknown|Unknown
137.255.13.209|BJ|Unknown|United States|Unknown|Unknown|Unknown|Unknown
101.47.156.170|AS4837|China Unicom|China|Unknown|Unknown|Unknown|Unknown
165.154.6.26|HK|Unknown|HK|Unknown|Unknown|Unknown|Unknown
43.163.221.220|AS4134|China Telecom|JP|Unknown|Unknown|Unknown|Unknown
47.239.94.240|AS4134|China Telecom|United States|Unknown|Unknown|Unknown|Unknown
45.172.152.74|DO|Unknown|United States|Unknown|Unknown|Unknown|Unknown
212.154.234.9|KZ|Unknown|Russia|Unknown|Unknown|Unknown|Unknown
5.99.196.202|IT|Unknown|Russia|Unknown|Unknown|Unknown|Unknown
207.154.230.149|US|Unknown|Germany|Unknown|Unknown|Unknown|Unknown
116.99.174.114|AS4837|China Unicom|China|Unknown|Unknown|Unknown|Unknown
183.56.235.140|Unknown|Unknown|Russia|Unknown|Unknown|Unknown|Unknown
159.65.77.254|US|Unknown|United States|Unknown|Unknown|Unknown|Unknown
213.67.210.12|SE|Unknown|Russia|Unknown|Unknown|Unknown|Unknown
138.75.69.4|SG|Unknown|United States|Unknown|Unknown|Unknown|Unknown
115.190.160.80|AS4837|China Unicom|China|Unknown|Unknown|Unknown|Unknown
217.97.46.229|PL|Unknown|Russia|Unknown|Unknown|Unknown|Unknown
13.215.198.242|US|Unknown|United States|Unknown|Unknown|Unknown|Unknown
185.225.41.192|SY|Unknown|Russia|Unknown|Unknown|Unknown|Unknown
154.18.197.35|AS15169|Google Cloud|United States|Unknown|Unknown|Unknown|Unknown
172.190.89.127|GB|Unknown|China|Unknown|Unknown|Unknown|Unknown
77.54.41.203|PT|Unknown|Russia|Unknown|Unknown|Unknown|Unknown
172.104.39.160|Unknown|Unknown|China|Unknown|Unknown|Unknown|Unknown
130.12.180.16|US|Unknown|United States|Unknown|Unknown|Unknown|Unknown
165.154.231.236|SG|Unknown|JP|Unknown|Unknown|Unknown|Unknown
89.190.156.109|US|Unknown|Russia|Unknown|Unknown|Unknown|Unknown
103.189.235.33|ID|Unknown|China|Unknown|Unknown|Unknown|Unknown
45.79.158.95|US|Unknown|United States|Unknown|Unknown|Unknown|Unknown
189.137.129.243|Unknown|Unknown|MX|Unknown|Unknown|Unknown|Unknown
103.143.238.100|HK|HONG KONG LING JIAN ZHUO TECHNOLOGY CO., LIMITED|China|Unknown|Unknown|Unknown|Unknown
165.154.22.250|HK|Unknown|HK|Unknown|Unknown|Unknown|Unknown
210.79.191.205|ID|Unknown|ID|Unknown|Unknown|Unknown|Unknown
103.114.147.217|LA|Unknown|China|Unknown|Unknown|Unknown|Unknown
86.253.186.50|AS4837|China Unicom|Russia|Unknown|Unknown|Unknown|Unknown
203.247.143.193|Unknown|Unknown|KR|Unknown|Unknown|Unknown|Unknown
130.250.191.199|IN|Unknown|United States|Unknown|Unknown|Unknown|Unknown
103.75.183.233|VN|Unknown|China|Unknown|Unknown|Unknown|Unknown
1.12.217.80|AS4134|China Telecom|China|Unknown|Unknown|Unknown|Unknown
47.245.127.214|AS4134|China Telecom|United States|Unknown|Unknown|Unknown|Unknown
183.87.217.222|IN|Unknown|Russia|Unknown|Unknown|Unknown|Unknown
83.168.78.82|AS4837|China Unicom|Russia|Unknown|Unknown|Unknown|Unknown
14.103.37.34|CN|Unknown|China|Unknown|Unknown|Unknown|Unknown
103.186.1.59|ID|Unknown|China|Unknown|Unknown|Unknown|Unknown
171.231.188.39|Unknown|Unknown|China|Unknown|Unknown|Unknown|Unknown
134.209.245.25|US|Unknown|United States|Unknown|Unknown|Unknown|Unknown
85.239.55.213|AS4837|China Unicom|Russia|Unknown|Unknown|Unknown|Unknown
165.227.98.222|US|Unknown|United States|Unknown|Unknown|Unknown|Unknown
185.220.101.99|DE|Unknown|Russia|Unknown|Unknown|Unknown|Unknown
203.0.113.45|Unknown|Unknown|United States|Unknown|Unknown|Unknown|Unknown
223.205.60.103|TH|Unknown|TH|Unknown|Unknown|Unknown|Unknown
34.81.72.185|US|Unknown|United States|Unknown|Unknown|Unknown|Unknown
209.38.69.153|US|Unknown|United States|Unknown|Unknown|Unknown|Unknown
14.103.114.17|AS4134|China Telecom|China|Unknown|Unknown|Unknown|Unknown
101.36.127.212|HK|Unknown|China|Unknown|Unknown|Unknown|Unknown
171.15.131.165|Unknown|Unknown|China|Unknown|Unknown|Unknown|Unknown
122.114.8.57|CN|Unknown|China|Unknown|Unknown|Unknown|Unknown
217.24.171.81|UA|Unknown|Russia|Unknown|Unknown|Unknown|Unknown
171.231.190.89|Unknown|Unknown|China|Unknown|Unknown|Unknown|Unknown
120.48.60.44|CN|Unknown|China|Unknown|Unknown|Unknown|Unknown
20.228.193.165|US|Unknown|United States|Unknown|Unknown|Unknown|Unknown
180.76.128.183|Unknown|Unknown|Russia|Unknown|Unknown|Unknown|Unknown
104.199.176.250|US|Google LLC|United States|Unknown|Unknown|Unknown|Unknown
91.210.169.154|RU|Unknown|Russia|Unknown|Unknown|Unknown|Unknown
175.170.144.16|CN|Unknown|China|Unknown|Unknown|Unknown|Unknown
103.147.211.2|ID|Unknown|China|Unknown|Unknown|Unknown|Unknown
14.103.79.11|AS4134|China Telecom|China|Unknown|Unknown|Unknown|Unknown
27.79.43.130|VN|Unknown|China|Unknown|Unknown|Unknown|Unknown
87.106.91.226|AS12389|Rostelecom|Russia|Unknown|Unknown|Unknown|Unknown
120.48.32.130|CN|Unknown|China|Unknown|Unknown|Unknown|Unknown
87.121.84.41|BG|Unknown|Russia|Unknown|Unknown|Unknown|Unknown
92.118.39.235|AS4837|China Unicom|Russia|Unknown|Unknown|Unknown|Unknown
43.155.223.190|AS4134|China Telecom|Unknown|Unknown|Unknown|Unknown|Unknown
118.122.147.49|AS4837|China Unicom|China|Unknown|Unknown|Unknown|Unknown
115.190.3.212|CN|Unknown|China|Unknown|Unknown|Unknown|Unknown
87.251.64.149|RU|Unknown|Russia|Unknown|Unknown|Unknown|Unknown
120.86.119.165|AS4837|China Unicom|China|Unknown|Unknown|Unknown|Unknown
178.128.78.20|US|Unknown|Russia|Unknown|Unknown|Unknown|Unknown
213.136.68.104|Unknown|Unknown|Unknown|Unknown|Unknown|Unknown|Unknown
66.94.124.248|AS8075|Microsoft Azure|United States|Unknown|Unknown|Unknown|Unknown
45.148.102.6|AS4134|China Telecom|United States|Unknown|Unknown|Unknown|Unknown
172.206.32.4|GB|Unknown|China|Unknown|Unknown|Unknown|Unknown
167.172.175.156|US|Unknown|China|Unknown|Unknown|Unknown|Unknown
138.2.102.66|AS15169|Google Cloud|Unknown|Unknown|Unknown|Unknown|Unknown
185.190.142.22|AS8359|MTS|Russia|Unknown|Unknown|Unknown|Unknown
171.211.125.105|CN|CHINANET Sichuan province network|China|Unknown|Unknown|Unknown|Unknown
47.253.5.130|US|Unknown|United States|Unknown|Unknown|Unknown|Unknown
217.15.166.144|DE|Unknown|Russia|Unknown|Unknown|Unknown|Unknown
122.177.246.97|AS4837|China Unicom|China|Unknown|Unknown|Unknown|Unknown
8.213.229.126|AS16509|Amazon AWS|United States|Unknown|Unknown|Unknown|Unknown
36.132.36.37|AS4134|China Telecom|China|Unknown|Unknown|Unknown|Unknown
206.189.85.103|Unknown|Unknown|Unknown|Unknown|Unknown|Unknown|Unknown
122.13.138.4|AS4837|China Unicom|China|Unknown|Unknown|Unknown|Unknown
46.62.201.86|AS4134|China Telecom|Russia|Unknown|Unknown|Unknown|Unknown
2.57.122.189|RO|Unknown|NL|Unknown|Unknown|Unknown|Unknown
203.0.113.1|Unknown|Unknown|CC|Unknown|Unknown|Unknown|Unknown
185.220.101.1|DE|Unknown|Russia|Unknown|Unknown|Unknown|Unknown
185.220.101.50|DE|Unknown|Russia|Unknown|Unknown|Unknown|Unknown
64.62.197.236|AS4837|China Unicom|United States|Unknown|Unknown|Unknown|Unknown
43.226.36.171|CN|Unknown|China|Unknown|Unknown|Unknown|Unknown
147.182.183.104|US|Unknown|United States|Unknown|Unknown|Unknown|Unknown
66.181.171.136|MN|Unknown|United States|Unknown|Unknown|Unknown|Unknown
172.236.189.159|Unknown|Unknown|China|Unknown|Unknown|Unknown|Unknown
153.99.92.28|CN|Unknown|United States|Unknown|Unknown|Unknown|Unknown
165.22.212.55|US|Unknown|IN|Unknown|Unknown|Unknown|Unknown
134.209.240.74|US|Unknown|United States|Unknown|Unknown|Unknown|Unknown
116.169.217.92|AS4837|China Unicom|China|Unknown|Unknown|Unknown|Unknown
81.193.216.17|PT|Unknown|Russia|Unknown|Unknown|Unknown|Unknown
196.189.51.7|ET|Unknown|ET|Unknown|Unknown|Unknown|Unknown
212.102.51.248|Unknown|Unknown|Russia|Unknown|Unknown|Unknown|Unknown
92.118.39.195|AS4837|China Unicom|Russia|Unknown|Unknown|Unknown|Unknown
182.37.87.18|Unknown|Unknown|Russia|Unknown|Unknown|Unknown|Unknown
165.154.254.42|SG|Unknown|United States|Unknown|Unknown|Unknown|Unknown
31.56.209.38|AS4134|China Telecom|Russia|Unknown|Unknown|Unknown|Unknown
116.110.147.188|AS4837|China Unicom|China|Unknown|Unknown|Unknown|Unknown
152.32.253.205|HK|Unknown|United States|Unknown|Unknown|Unknown|Unknown
106.13.174.45|AS4837|China Unicom|China|Unknown|Unknown|Unknown|Unknown
183.92.151.73|CN|Unknown|Russia|Unknown|Unknown|Unknown|Unknown
65.49.1.125|US|Unknown|United States|Unknown|Unknown|Unknown|Unknown
175.170.144.18|CN|Unknown|China|Unknown|Unknown|Unknown|Unknown
14.63.196.175|AS4134|China Telecom|South Korea|Unknown|Unknown|Unknown|Unknown
146.190.83.66|US|Unknown|United States|Unknown|Unknown|Unknown|Unknown
45.141.26.209|AS4134|China Telecom|United States|Unknown|Unknown|Unknown|Unknown
18.97.26.34|AS4134|China Telecom|United States|Unknown|Unknown|Unknown|Unknown
38.242.196.119|AS4134|China Telecom|United States|Unknown|Unknown|Unknown|Unknown
8.222.162.208|AS4134|China Telecom|United States|Unknown|Unknown|Unknown|Unknown
128.199.225.7|AS15169|Google Cloud|Unknown|Unknown|Unknown|Unknown|Unknown
118.194.235.105|HK|Unknown|China|Unknown|Unknown|Unknown|Unknown
114.248.3.213|AS4837|China Unicom|China|Unknown|Unknown|Unknown|Unknown
91.144.21.210|SY|Unknown|Russia|Unknown|Unknown|Unknown|Unknown
203.195.84.123|CN|Unknown|China|Unknown|Unknown|Unknown|Unknown
164.92.174.246|US|Unknown|China|Unknown|Unknown|Unknown|Unknown
112.196.78.4|IN|Unknown|China|Unknown|Unknown|Unknown|Unknown
185.216.119.134|HK|Unknown|Hong Kong|Unknown|Unknown|Unknown|Unknown
65.49.1.228|US|Unknown|United States|Unknown|Unknown|Unknown|Unknown
209.38.241.68|Unknown|DigitalOcean|Unknown|Unknown|Unknown|Unknown|Unknown
180.106.80.16|Unknown|Unknown|Russia|Unknown|Unknown|Unknown|Unknown
149.50.209.56|AS15169|Google Cloud|Unknown|Unknown|Unknown|Unknown|Unknown
161.35.79.93|Unknown|Unknown|Unknown|Unknown|Unknown|Unknown|Unknown
104.236.83.40|AS4837|China Unicom|United States|Unknown|Unknown|Unknown|Unknown
207.180.222.68|Unknown|Unknown|Unknown|Unknown|Unknown|Unknown|Unknown
118.178.225.236|AS4837|China Unicom|China|Unknown|Unknown|Unknown|Unknown
223.221.36.42|Unknown|CHINANET Qinghai Province Network|China|Unknown|Unknown|Unknown|Unknown
91.208.73.57|US|Hostker LLC|United States|Unknown|Unknown|Unknown|Unknown
14.103.113.42|AS4134|China Telecom|China|Unknown|Unknown|Unknown|Unknown
114.220.75.156|AS4837|China Unicom|China|Unknown|Unknown|Unknown|Unknown
171.243.151.86|Unknown|Unknown|China|Unknown|Unknown|Unknown|Unknown
58.250.244.36|AS4837|China Unicom|China|Unknown|Unknown|Unknown|Unknown
207.154.250.192|Unknown|Unknown|Unknown|Unknown|Unknown|Unknown|Unknown
212.132.64.89|Unknown|Unknown|Unknown|Unknown|Unknown|Unknown|Unknown
186.233.118.22|BR|Unknown|United States|Unknown|Unknown|Unknown|Unknown
116.177.172.94|AS4837|China Unicom|China|Unknown|Unknown|Unknown|Unknown
170.130.201.38|Unknown|Eastern ISP|Unknown|Unknown|Unknown|Unknown|Unknown
2.57.122.210|RO|TECHOFF SRV LIMITED|United Kingdom|Unknown|Unknown|Unknown|Unknown
156.225.18.240|Unknown|African Network Information Center|United States|Unknown|Unknown|Unknown|Unknown
125.91.140.135|AS4837|China Unicom|China|Unknown|Unknown|Unknown|Unknown
114.35.59.237|TW|Data Communication Business Group,|Taiwan|Unknown|Unknown|Unknown|Unknown
153.126.180.250|JP|SAKURA Internet Inc.|Japan|Unknown|Unknown|Unknown|Unknown
43.160.255.12|AS4134|China Telecom|Singapore|Unknown|Unknown|Unknown|Unknown
41.216.178.119|AS4134|China Telecom|Indonesia|Unknown|Unknown|Unknown|Unknown
69.149.23.135|US|AT&T Enterprises, LLC|United States|Unknown|Unknown|Unknown|Unknown
209.14.88.118|Unknown|X99 US LLC|Brazil|Unknown|Unknown|Unknown|Unknown
4.221.162.168|US|Microsoft Corporation|United States|Unknown|Unknown|Unknown|Unknown
34.71.30.159|US|Unknown|United States|Unknown|Unknown|Unknown|Unknown
200.110.180.14|AR|Unknown|AR|Unknown|Unknown|Unknown|Unknown
118.145.235.60|AS4837|China Unicom|China|Unknown|Unknown|Unknown|Unknown
180.76.225.175|Unknown|Unknown|Russia|Unknown|Unknown|Unknown|Unknown
197.243.0.62|RW|Unknown|Unknown|Unknown|Unknown|Unknown|Unknown
128.1.47.28|AS15169|Google Cloud|United States|Unknown|Unknown|Unknown|Unknown
45.43.37.254|AS4134|China Telecom|United States|Unknown|Unknown|Unknown|Unknown
144.31.152.46|AS15169|Google Cloud|Japan|Unknown|Unknown|Unknown|Unknown
47.97.56.233|AS4134|China Telecom|United States|Unknown|Unknown|Unknown|Unknown
92.118.39.95|AS4837|China Unicom|Germany|Unknown|Unknown|Unknown|Unknown
101.36.119.184|HK|Unknown|China|Unknown|Unknown|Unknown|Unknown
57.151.89.48|AS4837|China Unicom|United States|Unknown|Unknown|Unknown|Unknown
45.148.10.121|AS4134|China Telecom|United States|Unknown|Unknown|Unknown|Unknown
45.88.189.79|AS4134|China Telecom|United States|Unknown|Unknown|Unknown|Unknown
107.150.119.80|AS4837|China Unicom|United States|Unknown|Unknown|Unknown|Unknown
154.241.49.180|DZ|Unknown|Japan|Unknown|Unknown|Unknown|Unknown
212.33.235.243|RU|Unknown|Russia|Unknown|Unknown|Unknown|Unknown
189.206.155.253|Unknown|Unknown|Brazil|Unknown|Unknown|Unknown|Unknown
103.67.80.61|ID|Unknown|China|Unknown|Unknown|Unknown|Unknown
60.188.243.179|AS4837|China Unicom|China|Unknown|Unknown|Unknown|Unknown
135.237.122.43|GB|RIPE Network Coordination Centre|Japan|Unknown|Unknown|Unknown|Unknown
167.99.224.99|Unknown|Unknown|Unknown|Unknown|Unknown|Unknown|Unknown
8.209.236.13|AS16509|Amazon AWS|United States|Unknown|Unknown|Unknown|Unknown
47.84.101.65|AS4134|China Telecom|United States|Unknown|Unknown|Unknown|Unknown
178.128.199.27|Unknown|Unknown|Russia|Unknown|Unknown|Unknown|Unknown
47.77.182.54|AS4134|China Telecom|United States|Unknown|Unknown|Unknown|Unknown
103.146.159.14|HK|Unknown|China|Unknown|Unknown|Unknown|Unknown
144.172.115.245|AS15169|Google Cloud|Unknown|Unknown|Unknown|Unknown|Unknown
70.114.116.180|US|Unknown|United States|Unknown|Unknown|Unknown|Unknown
165.22.152.67|Unknown|Unknown|Unknown|Unknown|Unknown|Unknown|Unknown
103.124.107.208|AS4837|China Unicom|China|Unknown|Unknown|Unknown|Unknown
77.237.235.14|AS12389|Rostelecom|Russia|Unknown|Unknown|Unknown|Unknown
35.194.141.75|AS4134|China Telecom|United States|Unknown|Unknown|Unknown|Unknown
68.183.234.194|AS8075|Microsoft Azure|United States|Unknown|Unknown|Unknown|Unknown
47.79.150.4|AS4134|China Telecom|United States|Unknown|Unknown|Unknown|Unknown
107.174.212.19|AS15169|Google Cloud|United States|Unknown|Unknown|Unknown|Unknown
83.166.247.250|AS12389|Rostelecom|Russia|Unknown|Unknown|Unknown|Unknown
81.192.46.49|MA|Unknown|Germany|Unknown|Unknown|Unknown|Unknown
172.104.31.52|Unknown|Unknown|United States|Unknown|Unknown|Unknown|Unknown
45.134.9.27|DE|Unknown|United States|Unknown|Unknown|Unknown|Unknown
154.73.168.229|TZ|Unknown|China|Unknown|Unknown|Unknown|Unknown
165.154.6.150|HK|Unknown|United States|Unknown|Unknown|Unknown|Unknown
121.29.4.251|CN|Unknown|China|Unknown|Unknown|Unknown|Unknown
14.18.122.240|AS4134|China Telecom|China|Unknown|Unknown|Unknown|Unknown
167.99.72.161|Unknown|Unknown|Unknown|Unknown|Unknown|Unknown|Unknown
152.200.205.179|AS15169|Google Cloud|China|Unknown|Unknown|Unknown|Unknown
165.154.6.127|HK|Unknown|United States|Unknown|Unknown|Unknown|Unknown
185.93.89.122|IR|Unknown|Russia|Unknown|Unknown|Unknown|Unknown
186.96.151.198|MX|Unknown|United States|Unknown|Unknown|Unknown|Unknown
165.22.23.144|US|Unknown|Germany|Unknown|Unknown|Unknown|Unknown
116.86.211.61|AS4837|China Unicom|China|Unknown|Unknown|Unknown|Unknown
68.183.72.38|AS8075|Microsoft Azure|United States|Unknown|Unknown|Unknown|Unknown
20.40.45.20|US|Unknown|United States|Unknown|Unknown|Unknown|Unknown
52.187.9.8|US|Unknown|China|Unknown|Unknown|Unknown|Unknown
144.172.91.17|AS15169|Google Cloud|Unknown|Unknown|Unknown|Unknown|Unknown
64.236.145.69|GB|Unknown|United States|Unknown|Unknown|Unknown|Unknown
165.154.20.214|HK|Unknown|United States|Unknown|Unknown|Unknown|Unknown
172.94.9.48|Unknown|Unknown|United States|Unknown|Unknown|Unknown|Unknown
103.231.14.54|HK|Unknown|China|Unknown|Unknown|Unknown|Unknown
101.96.230.94|AS4837|China Unicom|China|Unknown|Unknown|Unknown|Unknown
201.149.53.243|MX|Unknown|Mexico|Unknown|Unknown|Unknown|Unknown
172.94.9.66|Unknown|Secure Internet LLC|United States|Unknown|Unknown|Unknown|Unknown
172.94.9.154|Unknown|Unknown|United States|Unknown|Unknown|Unknown|Unknown
185.93.89.130|IR|Unknown|Russia|Unknown|Unknown|Unknown|Unknown
172.94.9.59|Unknown|Unknown|United States|Unknown|Unknown|Unknown|Unknown
192.253.248.94|Unknown|Unknown|Unknown|Unknown|Unknown|Unknown|Unknown
36.93.249.106|AS4134|China Telecom|China|Unknown|Unknown|Unknown|Unknown
185.213.175.140|ES|Unknown|Russia|Unknown|Unknown|Unknown|Unknown
2.57.122.195|RO|Unknown|Unknown|Unknown|Unknown|Unknown|Unknown
8.219.40.251|AS16509|Amazon AWS|United States|Unknown|Unknown|Unknown|Unknown
64.227.178.136|AS4837|China Unicom|United States|Unknown|Unknown|Unknown|Unknown
190.181.27.27|Unknown|Unknown|Unknown|Unknown|Unknown|Unknown|Unknown
172.94.9.205|Unknown|Unknown|United States|Unknown|Unknown|Unknown|Unknown
85.173.245.55|AS4837|China Unicom|Germany|Unknown|Unknown|Unknown|Unknown
189.217.130.86|Unknown|Unknown|Mexico|Unknown|Unknown|Unknown|Unknown
174.178.115.30|US|Unknown|United States|Unknown|Unknown|Unknown|Unknown
213.209.159.158|Unknown|Unknown|Russia|Unknown|Unknown|Unknown|Unknown
38.178.41.208|AS4134|China Telecom|United States|Unknown|Unknown|Unknown|Unknown
111.59.125.171|AS4837|China Unicom|China|Unknown|Unknown|Unknown|Unknown
64.236.201.35|GB|Unknown|United States|Unknown|Unknown|Unknown|Unknown
2.57.121.17|RO|Unknown|Unknown|Unknown|Unknown|Unknown|Unknown
2.57.121.86|RO|Unknown|Unknown|Unknown|Unknown|Unknown|Unknown
213.209.159.159|Unknown|Unknown|Russia|Unknown|Unknown|Unknown|Unknown
47.83.223.245|AS4134|China Telecom|United States|Unknown|Unknown|Unknown|Unknown
218.92.212.222|Unknown|Unknown|Unknown|Unknown|Unknown|Unknown|Unknown
209.99.184.125|Unknown|Unknown|Unknown|Unknown|Unknown|Unknown|Unknown
47.83.15.218|AS4134|China Telecom|United States|Unknown|Unknown|Unknown|Unknown
45.64.74.51|TW|Unknown|United States|Unknown|Unknown|Unknown|Unknown
105.96.13.6|DZ|Unknown|Unknown|Unknown|Unknown|Unknown|Unknown
196.189.237.184|ET|Unknown|Unknown|Unknown|Unknown|Unknown|Unknown
185.93.89.71|IR|Limited Network LTD|Russia|Unknown|Unknown|Unknown|Unknown
77.90.185.45|AS4837|China Unicom|Russia|Unknown|Unknown|Unknown|Unknown
103.107.60.45|IN|Unknown|China|Unknown|Unknown|Unknown|Unknown
192.253.248.90|Unknown|Unknown|Unknown|Unknown|Unknown|Unknown|Unknown
77.90.185.73|AS4837|China Unicom|Russia|Unknown|Unknown|Unknown|Unknown
192.253.248.129|Unknown|Unknown|Unknown|Unknown|Unknown|Unknown|Unknown
39.174.42.18|AS4134|China Telecom|China|Unknown|Unknown|Unknown|Unknown
172.94.9.159|Unknown|Unknown|United States|Unknown|Unknown|Unknown|Unknown
167.71.48.103|US|Unknown|United States|Unknown|Unknown|Unknown|Unknown
172.94.9.156|Unknown|Unknown|United States|Unknown|Unknown|Unknown|Unknown
2.57.122.193|RO|Unknown|Unknown|Unknown|Unknown|Unknown|Unknown
185.225.41.199|AS8359|MTS|Russia|Unknown|Unknown|Unknown|Unknown
44.220.185.132|AS4134|China Telecom|United States|Unknown|Unknown|Unknown|Unknown
192.253.248.127|Unknown|Secure Internet LLC|Unknown|Unknown|Unknown|Unknown|Unknown
192.253.248.43|Unknown|Secure Internet LLC|Unknown|Unknown|Unknown|Unknown|Unknown
163.7.4.169|SG|Unknown|United States|Unknown|Unknown|Unknown|Unknown
185.93.89.128|IR|Unknown|Russia|Unknown|Unknown|Unknown|Unknown
47.121.27.80|AS4134|China Telecom|United States|Unknown|Unknown|Unknown|Unknown
47.245.141.176|AS4134|China Telecom|United States|Unknown|Unknown|Unknown|Unknown
58.249.156.221|AS4134|China Telecom|China|Unknown|Unknown|Unknown|Unknown
103.74.105.237|AS4837|China Unicom|China|Unknown|Unknown|Unknown|Unknown
188.166.161.168|Unknown|DigitalOcean|Unknown|Unknown|Unknown|Unknown|Unknown
39.105.199.177|AS4134|China Telecom|China|Unknown|Unknown|Unknown|Unknown
65.20.174.173|AS4837|China Unicom|United States|Unknown|Unknown|Unknown|Unknown
99.99.99.99|AS4837|China Unicom|Unknown|Unknown|Unknown|Unknown|Unknown
45.156.22.81|RU|Unknown|United States|Unknown|Unknown|Unknown|Unknown
114.116.191.170|CN|Huawei Public Cloud Service (Huawei Software Technologies Ltd.Co)|China|Unknown|Unknown|Unknown|Unknown
101.47.158.137|AS4837|China Unicom|China|Unknown|Unknown|Unknown|Unknown
153.99.94.170|CN|Unknown|Japan|Unknown|Unknown|Unknown|Unknown
172.94.9.127|Unknown|Unknown|United States|Unknown|Unknown|Unknown|Unknown
92.118.39.72|AS4837|China Unicom|Germany|Unknown|Unknown|Unknown|Unknown
70.54.182.130|CA|Unknown|United States|Unknown|Unknown|Unknown|Unknown
167.172.152.94|Unknown|Unknown|Unknown|Unknown|Unknown|Unknown|Unknown
103.195.239.8|VN|Unknown|China|Unknown|Unknown|Unknown|Unknown
18.218.118.203|AS16509|Amazon AWS|United States|Unknown|Unknown|Unknown|Unknown
101.237.36.193|AS4837|China Unicom|China|Unknown|Unknown|Unknown|Unknown
116.196.76.173|AS4837|China Unicom|China|Unknown|Unknown|Unknown|Unknown
161.35.52.217|US|DigitalOcean, LLC|United States|Unknown|Unknown|Unknown|Unknown
80.94.92.168|RO|https://dmzhost.co|Germany|Unknown|Unknown|Unknown|Unknown
77.90.185.75|AS4837|China Unicom|Russia|Unknown|Unknown|Unknown|Unknown
77.90.185.105|AS4837|China Unicom|Russia|Unknown|Unknown|Unknown|Unknown
118.193.69.177|HK|Unknown|China|Unknown|Unknown|Unknown|Unknown
39.129.90.146|CN|Unknown|China|Unknown|Unknown|Unknown|Unknown
185.93.89.132|IR|Unknown|Russia|Unknown|Unknown|Unknown|Unknown
77.90.185.96|AS4837|China Unicom|Russia|Unknown|Unknown|Unknown|Unknown
103.226.139.207|ID|Unknown|China|Unknown|Unknown|Unknown|Unknown
2.57.121.69|RO|Unknown|Unknown|Unknown|Unknown|Unknown|Unknown
20.203.42.204|US|Unknown|United States|Unknown|Unknown|Unknown|Unknown
47.253.113.111|AS4134|China Telecom|United States|Unknown|Unknown|Unknown|Unknown
46.24.47.94|ES|Unknown|Russia|Unknown|Unknown|Unknown|Unknown
116.234.76.167|AS4837|China Unicom|China|Unknown|Unknown|Unknown|Unknown
101.96.200.105|AS4837|China Unicom|China|Unknown|Unknown|Unknown|Unknown
165.232.61.133|Unknown|Asia Pacific Network Information Centre|United States|Unknown|Unknown|Unknown|Unknown
192.253.248.126|Unknown|Secure Internet LLC|Unknown|Unknown|Unknown|Unknown|Unknown
185.93.89.27|IR|Unknown|Russia|Unknown|Unknown|Unknown|Unknown
125.94.106.195|AS4837|China Unicom|China|Unknown|Unknown|Unknown|Unknown
172.94.9.62|Unknown|Unknown|United States|Unknown|Unknown|Unknown|Unknown
103.80.87.39|ES|Unknown|China|Unknown|Unknown|Unknown|Unknown
41.242.115.84|GH|Unknown|Unknown|Unknown|Unknown|Unknown|Unknown
192.253.248.42|Unknown|Unknown|Unknown|Unknown|Unknown|Unknown|Unknown
192.253.248.93|Unknown|Unknown|Unknown|Unknown|Unknown|Unknown|Unknown
213.177.179.113|IR|Unknown|Russia|Unknown|Unknown|Unknown|Unknown
92.63.197.22|AS4837|China Unicom|Germany|Unknown|Unknown|Unknown|Unknown
4.211.84.189|US|Unknown|United States|Unknown|Unknown|Unknown|Unknown
192.253.248.96|Unknown|Unknown|Unknown|Unknown|Unknown|Unknown|Unknown
77.90.185.48|AS4837|China Unicom|Russia|Unknown|Unknown|Unknown|Unknown
213.177.179.26|IR|Unknown|Russia|Unknown|Unknown|Unknown|Unknown
193.46.255.86|RO|Unknown|Unknown|Unknown|Unknown|Unknown|Unknown
77.90.185.92|AS4837|China Unicom|Russia|Unknown|Unknown|Unknown|Unknown
184.189.6.211|Unknown|Unknown|Russia|Unknown|Unknown|Unknown|Unknown
3.134.216.108|US|Unknown|Unknown|Unknown|Unknown|Unknown|Unknown
2.57.121.50|RO|Unknown|Unknown|Unknown|Unknown|Unknown|Unknown
14.103.100.131|AS4134|China Telecom|China|Unknown|Unknown|Unknown|Unknown
1.94.22.241|CN|Unknown|United States|Unknown|Unknown|Unknown|Unknown
209.208.221.230|US|Unknown|Unknown|Unknown|Unknown|Unknown|Unknown
101.206.107.245|CN|Unknown|China|Unknown|Unknown|Unknown|Unknown
195.178.110.15|BG|Unknown|Unknown|Unknown|Unknown|Unknown|Unknown
103.175.206.22|ID|Unknown|China|Unknown|Unknown|Unknown|Unknown
101.126.22.12|CN|Unknown|China|Unknown|Unknown|Unknown|Unknown
117.50.120.215|CN|Unknown|China|Unknown|Unknown|Unknown|Unknown
58.247.139.54|AS4837|China Unicom|China|Unknown|Unknown|Unknown|Unknown
89.190.156.34|US|Unknown|Germany|Unknown|Unknown|Unknown|Unknown
206.189.205.240|US|Unknown|Unknown|Unknown|Unknown|Unknown|Unknown
91.134.138.62|FR|Unknown|Germany|Unknown|Unknown|Unknown|Unknown
95.114.83.69|DE|Unknown|Germany|Unknown|Unknown|Unknown|Unknown
103.168.58.222|VN|Unknown|China|Unknown|Unknown|Unknown|Unknown
101.100.194.181|SG|Unknown|China|Unknown|Unknown|Unknown|Unknown
89.116.31.97|LT|Unknown|Germany|Unknown|Unknown|Unknown|Unknown
115.159.29.73|CN|Unknown|China|Unknown|Unknown|Unknown|Unknown
2.57.122.191|RO|Unknown|Unknown|Unknown|Unknown|Unknown|Unknown
2.57.122.194|RO|Unknown|Unknown|Unknown|Unknown|Unknown|Unknown
2.57.122.196|RO|Unknown|Unknown|Unknown|Unknown|Unknown|Unknown
92.118.39.76|AS4837|China Unicom|Germany|Unknown|Unknown|Unknown|Unknown
66.66.66.66|AS8075|Microsoft Azure|Unknown|Unknown|Unknown|Unknown|Unknown
55.55.55.55|AS8075|Microsoft Azure|Unknown|Unknown|Unknown|Unknown|Unknown
1.55.33.86|VN|Unknown|United States|Unknown|Unknown|Unknown|Unknown
101.126.4.10|CN|Unknown|China|Unknown|Unknown|Unknown|Unknown
101.126.55.63|CN|Unknown|China|Unknown|Unknown|Unknown|Unknown
157.245.183.237|US|DigitalOcean, LLC|United States|Unknown|Unknown|Unknown|Unknown
134.209.252.42|US|DigitalOcean, LLC|Japan|Unknown|Unknown|Unknown|Unknown
101.126.142.219|CN|Beijing Volcano Engine Technology Co., Ltd.|China|Unknown|Unknown|Unknown|Unknown
5.78.178.26|DE|Unknown|Russia|Unknown|Unknown|Unknown|Unknown
172.172.170.199|GB|RIPE Network Coordination Centre|United States|Unknown|Unknown|Unknown|Unknown
91.224.92.177|GB|Unknown|Germany|Unknown|Unknown|Unknown|Unknown
173.249.41.171|DE|Unknown|United States|Unknown|Unknown|Unknown|Unknown
45.79.8.221|US|Unknown|United States|Unknown|Unknown|Unknown|Unknown
165.227.215.35|US|Unknown|United States|Unknown|Unknown|Unknown|Unknown
101.126.141.34|CN|Unknown|China|Unknown|Unknown|Unknown|Unknown
1.238.114.145|AS4134|China Telecom|United States|Unknown|Unknown|Unknown|Unknown
172.94.9.153|Unknown|Unknown|United States|Unknown|Unknown|Unknown|Unknown
172.104.210.105|Unknown|Unknown|United States|Unknown|Unknown|Unknown|Unknown
20.169.80.121|US|Unknown|United States|Unknown|Unknown|Unknown|Unknown
205.210.31.6|US|Unknown|Unknown|Unknown|Unknown|Unknown|Unknown
1.214.197.163|AS4134|China Telecom|United States|Unknown|Unknown|Unknown|Unknown
87.251.78.19|AS4837|China Unicom|Germany|Unknown|Unknown|Unknown|Unknown
87.236.176.51|GB|Unknown|Germany|Unknown|Unknown|Unknown|Unknown
125.212.226.17|VN|Unknown|China|Unknown|Unknown|Unknown|Unknown
163.7.3.26|SG|Unknown|United States|Unknown|Unknown|Unknown|Unknown
1.15.33.90|AS4134|China Telecom|United States|Unknown|Unknown|Unknown|Unknown
45.249.245.95|HK|Unknown|United States|Unknown|Unknown|Unknown|Unknown
45.153.34.226|AS4134|China Telecom|United States|Unknown|Unknown|Unknown|Unknown
2.57.121.118|RO|Unknown|Unknown|Unknown|Unknown|Unknown|Unknown
2.57.122.188|RO|Unknown|Unknown|Unknown|Unknown|Unknown|Unknown
2.57.122.190|RO|Unknown|Unknown|Unknown|Unknown|Unknown|Unknown
2.57.122.192|RO|Unknown|Unknown|Unknown|Unknown|Unknown|Unknown
2.57.122.238|RO|Unknown|Unknown|Unknown|Unknown|Unknown|Unknown
45.148.10.141|AS4134|China Telecom|United States|Unknown|Unknown|Unknown|Unknown
45.148.10.147|AS4134|China Telecom|United States|Unknown|Unknown|Unknown|Unknown
45.148.10.151|AS4134|China Telecom|United States|Unknown|Unknown|Unknown|Unknown
45.227.254.170|PA|Unknown|United States|Unknown|Unknown|Unknown|Unknown
80.94.92.186|RO|Unknown|Germany|Unknown|Unknown|Unknown|Unknown
1.214.117.218|AS4134|China Telecom|United States|Unknown|Unknown|Unknown|Unknown
101.126.67.255|CN|Unknown|China|Unknown|Unknown|Unknown|Unknown
39.103.62.164|AS4134|China Telecom|China|Unknown|Unknown|Unknown|Unknown
101.126.85.58|CN|Unknown|China|Unknown|Unknown|Unknown|Unknown
101.126.64.76|CN|Unknown|China|Unknown|Unknown|Unknown|Unknown
193.32.162.151|Unknown|Unknown|Unknown|Unknown|Unknown|Unknown|Unknown
2.57.122.197|RO|Unknown|Unknown|Unknown|Unknown|Unknown|Unknown
2.57.122.199|RO|Unknown|Unknown|Unknown|Unknown|Unknown|Unknown
45.148.10.152|AS4134|China Telecom|United States|Unknown|Unknown|Unknown|Unknown
45.148.10.157|AS4134|China Telecom|United States|Unknown|Unknown|Unknown|Unknown
39.105.51.39|AS9808|China Mobile|China|Unknown|Unknown|Unknown|Unknown
47.82.163.231|AS4134|China Telecom|United States|Unknown|Unknown|Unknown|Unknown
185.247.137.51|GB|Unknown|Russia|Unknown|Unknown|Unknown|Unknown
106.75.8.160|CN|Shanghai UCloud Information Technology Company Limited|China|Unknown|Unknown|Unknown|Unknown
185.247.137.61|GB|Unknown|Russia|Unknown|Unknown|Unknown|Unknown
81.29.142.6|AS4837|China Unicom|Germany|Unknown|Unknown|Unknown|Unknown
185.247.137.73|GB|Unknown|Russia|Unknown|Unknown|Unknown|Unknown
1.214.255.210|AS4134|China Telecom|United States|Unknown|Unknown|Unknown|Unknown
87.236.176.73|GB|Unknown|Germany|Unknown|Unknown|Unknown|Unknown
87.236.176.54|GB|Unknown|Germany|Unknown|Unknown|Unknown|Unknown
77.90.185.61|AS4837|China Unicom|Russia|Unknown|Unknown|Unknown|Unknown
103.203.57.2|CN|Unknown|China|Unknown|Unknown|Unknown|Unknown
14.103.127.3|AS4134|China Telecom|China|Unknown|Unknown|Unknown|Unknown
87.236.176.46|GB|Unknown|Germany|Unknown|Unknown|Unknown|Unknown
87.236.176.60|GB|Unknown|Germany|Unknown|Unknown|Unknown|Unknown
159.203.18.156|US|Unknown|United States|Unknown|Unknown|Unknown|Unknown
87.236.176.42|GB|Unknown|Germany|Unknown|Unknown|Unknown|Unknown
185.247.137.49|GB|Unknown|Russia|Unknown|Unknown|Unknown|Unknown
172.236.228.198|Unknown|Unknown|United States|Unknown|Unknown|Unknown|Unknown
185.247.137.42|GB|Unknown|Russia|Unknown|Unknown|Unknown|Unknown
190.2.155.230|CW|Unknown|Unknown|Unknown|Unknown|Unknown|Unknown
205.210.31.241|US|Unknown|Unknown|Unknown|Unknown|Unknown|Unknown
65.49.1.10|US|Unknown|United States|Unknown|Unknown|Unknown|Unknown
157.245.77.56|US|Unknown|United States|Unknown|Unknown|Unknown|Unknown
187.107.88.97|Unknown|Unknown|Brazil|Unknown|Unknown|Unknown|Unknown
185.247.137.55|GB|Unknown|Russia|Unknown|Unknown|Unknown|Unknown
101.126.22.125|CN|Unknown|China|Unknown|Unknown|Unknown|Unknown
47.74.51.79|US|Unknown|United States|Unknown|Unknown|Unknown|Unknown
43.138.207.179|CN|Unknown|Unknown|Unknown|Unknown|Unknown|Unknown
104.23.172.30|AS4837|China Unicom|United States|Unknown|Unknown|Unknown|Unknown
172.70.248.131|Unknown|Eastern ISP|Russia|Unknown|Unknown|Unknown|Unknown
45.79.5.11|US|Unknown|United States|Unknown|Unknown|Unknown|Unknown
134.199.160.74|US|Unknown|Japan|Unknown|Unknown|Unknown|Unknown
65.49.20.69|AS4837|China Unicom|United States|Unknown|Unknown|Unknown|Unknown
1.222.42.237|AS4134|China Telecom|United States|Unknown|Unknown|Unknown|Unknown
103.103.245.61|HK|Unknown|China|Unknown|Unknown|Unknown|Unknown
104.23.221.164|AS4837|China Unicom|United States|Unknown|Unknown|Unknown|Unknown
103.176.78.178|ID|Unknown|Unknown|Unknown|Unknown|Unknown|Unknown
104.23.221.165|AS4837|China Unicom|United States|Unknown|Unknown|Unknown|Unknown
104.23.223.34|AS4837|China Unicom|United States|Unknown|Unknown|Unknown|Unknown
104.23.223.35|AS4837|China Unicom|United States|Unknown|Unknown|Unknown|Unknown
137.184.138.58|AS15169|Google Cloud|United States|Unknown|Unknown|Unknown|Unknown
142.248.80.38|AS15169|Google Cloud|United States|Unknown|Unknown|Unknown|Unknown
147.185.132.168|AS15169|Google Cloud|United States|Unknown|Unknown|Unknown|Unknown
147.185.133.100|AS15169|Google Cloud|United States|Unknown|Unknown|Unknown|Unknown
147.185.133.138|AS15169|Google Cloud|United States|Unknown|Unknown|Unknown|Unknown
172.104.11.51|Unknown|Eastern ISP|Russia|Unknown|Unknown|Unknown|Unknown
172.105.128.13|Unknown|Eastern ISP|Russia|Unknown|Unknown|Unknown|Unknown
172.202.118.119|Unknown|Eastern ISP|Russia|Unknown|Unknown|Unknown|Unknown
172.234.217.129|Unknown|Eastern ISP|Russia|Unknown|Unknown|Unknown|Unknown
172.236.228.39|Unknown|Eastern ISP|Russia|Unknown|Unknown|Unknown|Unknown
178.83.200.2|Unknown|Unknown|Russia|Unknown|Unknown|Unknown|Unknown
193.32.162.28|Unknown|Unknown|Russia|Unknown|Unknown|Unknown|Unknown
47.84.205.178|AS4134|China Telecom|United States|Unknown|Unknown|Unknown|Unknown
47.91.86.90|AS4134|China Telecom|United States|Unknown|Unknown|Unknown|Unknown
47.99.97.46|AS4134|China Telecom|United States|Unknown|Unknown|Unknown|Unknown
50.116.26.161|AS8075|Microsoft Azure|Unknown|Unknown|Unknown|Unknown|Unknown
64.62.156.192|AS4837|China Unicom|United States|Unknown|Unknown|Unknown|Unknown
64.62.156.194|AS4837|China Unicom|United States|Unknown|Unknown|Unknown|Unknown
64.62.156.195|AS4837|China Unicom|United States|Unknown|Unknown|Unknown|Unknown
66.132.172.206|AS4837|China Unicom|United States|Unknown|Unknown|Unknown|Unknown
66.132.186.186|AS4837|China Unicom|United States|Unknown|Unknown|Unknown|Unknown
66.132.195.86|AS4837|China Unicom|United States|Unknown|Unknown|Unknown|Unknown
77.90.185.207|AS4837|China Unicom|Russia|Unknown|Unknown|Unknown|Unknown
198.235.24.209|Unknown|Unknown|Unknown|Unknown|Unknown|Unknown|Unknown
85.217.149.15|AS12389|Rostelecom|Russia|Unknown|Unknown|Unknown|Unknown
3.132.26.232|AS16509|Amazon AWS|United States|Unknown|Unknown|Unknown|Unknown
172.236.228.227|Unknown|Eastern ISP|Russia|Unknown|Unknown|Unknown|Unknown
199.45.155.109|Unknown|Unknown|Unknown|Unknown|Unknown|Unknown|Unknown
47.251.47.151|AS4134|China Telecom|United States|Unknown|Unknown|Unknown|Unknown
139.180.185.87|AS15169|Google Cloud|United States|Unknown|Unknown|Unknown|Unknown
205.210.31.106|Unknown|Unknown|Unknown|Unknown|Unknown|Unknown|Unknown
80.94.92.22|AS12389|Rostelecom|Russia|Unknown|Unknown|Unknown|Unknown
47.120.4.54|AS4134|China Telecom|United States|Unknown|Unknown|Unknown|Unknown
121.227.153.106|AS4837|China Unicom|China|Unknown|Unknown|Unknown|Unknown
104.22.42.157|AS4837|China Unicom|United States|Unknown|Unknown|Unknown|Unknown
